[{"pk": 1, "model": "gateway.neighborhood", "fields": {"radius_to_search": 2000, "name": "Pissy", "longitude": -1.561662, "lattitude": 12.355973}}, {"pk": 3, "model": "gateway.neighborhood", "fields": {"radius_to_search": 2000, "name": "Patte D'Oie", "longitude": -1.50618, "lattitude": 12.326022}}, {"pk": 4, "model": "gateway.neighborhood", "fields": {"radius_to_search": 2000, "name": "Tampouy", "longitude": -1.561284, "lattitude": 12.390413}}, {"pk": 5, "model": "gateway.neighborhood", "fields": {"radius_to_search": 2000, "name": "Somgande", "longitude": -1.484465, "lattitude": 12.411705}}, {"pk": 6, "model": "gateway.neighborhood", "fields": {"radius_to_search": 2000, "name": "Tabtenga", "longitude": -1.441764, "lattitude": 12.365472}}, {"pk": 7, "model": "gateway.neighborhood", "fields": {"radius_to_search": 2000, "name": "Sandogo", "longitude": -1.543946, "lattitude": 12.271932}}, {"pk": 1, "model": "gateway.source", "fields": {"type": "T", "longitude": -1.561992, "lattitude": 12.363355}}, {"pk": 2, "model": "gateway.source", "fields": {"type": "P", "longitude": -1.561305, "lattitude": 12.351973}}, {"pk": 3, "model": "gateway.source", "fields": {"type": "T", "longitude": -1.576604, "lattitude": 12.353116}}, {"pk": 4, "model": "gateway.source", "fields": {"type": "T", "longitude": -1.50618, "lattitude": 12.326022}}, {"pk": 5, "model": "gateway.source", "fields": {"type": "T", "longitude": -1.51648, "lattitude": 12.315289}}, {"pk": 6, "model": "gateway.source", "fields": {"type": "P", "longitude": -1.492619, "lattitude": 12.307742}}, {"pk": 7, "model": "gateway.source", "fields": {"type": "P", "longitude": -1.561284, "lattitude": 12.390413}}, {"pk": 8, "model": "gateway.source", "fields": {"type": "W", "longitude": -1.58257, "lattitude": 12.400472}}, {"pk": 9, "model": "gateway.source", "fields": {"type": "W", "longitude": -1.564202, "lattitude": 12.414052}}, {"pk": 10, "model": "gateway.source", "fields": {"type": "T", "longitude": -1.576733, "lattitude": 12.391251}}, {"pk": 11, "model": "gateway.source", "fields": {"type": "P", "longitude": -1.484465, "lattitude": 12.411705}}, {"pk": 12, "model": "gateway.source", "fields": {"type": "T", "longitude": -1.507639, "lattitude": 12.417824}}, {"pk": 13, "model": "gateway.source", "fields": {"type": "P", "longitude": -1.504635, "lattitude": 12.403574}}, {"pk": 14, "model": "gateway.source", "fields": {"type": "T", "longitude": -1.512703, "lattitude": 12.419333}}, {"pk": 15, "model": "gateway.source", "fields": {"type": "W", "longitude": -1.441764, "lattitude": 12.365472}}, {"pk": 16, "model": "gateway.source", "fields": {"type": "W", "longitude": -1.436958, "lattitude": 12.374401}}, {"pk": 17, "model": "gateway.source", "fields": {"type": "W", "longitude": -1.455154, "lattitude": 12.366687}}, {"pk": 18, "model": "gateway.source", "fields": {"type": "T", "longitude": -1.44876, "lattitude": 12.370418}}, {"pk": 19, "model": "gateway.source", "fields": {"type": "W", "longitude": -1.543946, "lattitude": 12.271932}}, {"pk": 20, "model": "gateway.source", "fields": {"type": "T", "longitude": -1.56094, "lattitude": 12.302123}}, {"pk": 21, "model": "gateway.source", "fields": {"type": "W", "longitude": -1.559481, "lattitude": 12.28946}}, {"pk": 22, "model": "gateway.source", "fields": {"type": "W", "longitude": -1.584115, "lattitude": 12.303381}}, {"pk": 1, "model": "gateway.test", "fields": {"name": "Fecal Coliform", "weight": 1.0}}, {"pk": 2, "model": "gateway.test", "fields": {"name": "Turbidity", "weight": 1.0}}, {"pk": 1, "model": "gateway.testresult", "fields": {"test": 1, "source": 1, "value": 20.0, "timestamp": "2015-04-05"}}, {"pk": 2, "model": "gateway.testresult", "fields": {"test": 1, "source": 2, "value": 80.0, "timestamp": "2015-04-05"}}, {"pk": 3, "model": "gateway.testresult", "fields": {"test": 1, "source": 3, "value": 200.0, "timestamp": "2015-04-05"}}, {"pk": 4, "model": "gateway.testresult", "fields": {"test": 1, "source": 4, "value": 100.0, "timestamp": "2015-04-05"}}, {"pk": 5, "model": "gateway.testresult", "fields": {"test": 1, "source": 5, "value": 50.0, "timestamp": "2015-04-05"}}, {"pk": 6, "model": "gateway.testresult", "fields": {"test": 1, "source": 6, "value": 78.0, "timestamp": "2015-04-05"}}, {"pk": 7, "model": "gateway.testresult", "fields": {"test": 1, "source": 7, "value": 100.0, "timestamp": "2015-04-05"}}, {"pk": 8, "model": "gateway.testresult", "fields": {"test": 1, "source": 8, "value": 100000.0, "timestamp": "2015-04-05"}}, {"pk": 9, "model": "gateway.testresult", "fields": {"test": 1, "source": 9, "value": 52.0, "timestamp": "2015-04-05"}}, {"pk": 10, "model": "gateway.testresult", "fields": {"test": 1, "source": 10, "value": 500.0, "timestamp": "2015-04-05"}}, {"pk": 11, "model": "gateway.testresult", "fields": {"test": 1, "source": 11, "value": 150.0, "timestamp": "2015-04-05"}}, {"pk": 12, "model": "gateway.testresult", "fields": {"test": 1, "source": 12, "value": 75.0, "timestamp": "2015-04-05"}}, {"pk": 13, "model": "gateway.testresult", "fields": {"test": 1, "source": 13, "value": 89.0, "timestamp": "2015-04-05"}}, {"pk": 14, "model": "gateway.testresult", "fields": {"test": 1, "source": 14, "value": 64.0, "timestamp": "2015-04-05"}}, {"pk": 15, "model": "gateway.testresult", "fields": {"test": 1, "source": 15, "value": 360.0, "timestamp": "2015-04-05"}}, {"pk": 16, "model": "gateway.testresult", "fields": {"test": 1, "source": 16, "value": 180.0, "timestamp": "2015-04-05"}}, {"pk": 17, "model": "gateway.testresult", "fields": {"test": 1, "source": 17, "value": 298.0, "timestamp": "2015-04-05"}}, {"pk": 18, "model": "gateway.testresult", "fields": {"test": 1, "source": 18, "value": 200.0, "timestamp": "2015-04-05"}}, {"pk": 19, "model": "gateway.testresult", "fields": {"test": 1, "source": 19, "value": 43.0, "timestamp": "2015-04-05"}}, {"pk": 20, "model": "gateway.testresult", "fields": {"test": 1, "source": 20, "value": 40.0, "timestamp": "2015-04-05"}}, {"pk": 21, "model": "gateway.testresult", "fields": {"test": 1, "source": 21, "value": 120.0, "timestamp": "2015-04-05"}}, {"pk": 22, "model": "gateway.testresult", "fields": {"test": 1, "source": 22, "value": 140.0, "timestamp": "2015-04-05"}}, {"pk": 23, "model": "gateway.testresult", "fields": {"test": 2, "source": 1, "value": 700.0, "timestamp": "2015-04-05"}}, {"pk": 24, "model": "gateway.testresult", "fields": {"test": 2, "source": 2, "value": 35.0, "timestamp": "2015-04-05"}}, {"pk": 25, "model": "gateway.testresult", "fields": {"test": 2, "source": 3, "value": 96.0, "timestamp": "2015-04-05"}}, {"pk": 26, "model": "gateway.testresult", "fields": {"test": 2, "source": 4, "value": 32.0, "timestamp": "2015-04-05"}}, {"pk": 27, "model": "gateway.testresult", "fields": {"test": 2, "source": 5, "value": 67.0, "timestamp": "2015-04-05"}}, {"pk": 28, "model": "gateway.testresult", "fields": {"test": 2, "source": 6, "value": 34.0, "timestamp": "2015-04-05"}}, {"pk": 29, "model": "gateway.testresult", "fields": {"test": 2, "source": 7, "value": 5.0, "timestamp": "2015-04-05"}}, {"pk": 30, "model": "gateway.testresult", "fields": {"test": 2, "source": 8, "value": 0.1, "timestamp": "2015-04-05"}}, {"pk": 31, "model": "gateway.testresult", "fields": {"test": 2, "source": 9, "value": 23.0, "timestamp": "2015-04-05"}}, {"pk": 32, "model": "gateway.testresult", "fields": {"test": 2, "source": 10, "value": 789.0, "timestamp": "2015-04-05"}}, {"pk": 33, "model": "gateway.testresult", "fields": {"test": 2, "source": 11, "value": 46.0, "timestamp": "2015-04-05"}}, {"pk": 34, "model": "gateway.testresult", "fields": {"test": 2, "source": 12, "value": 52.0, "timestamp": "2015-04-05"}}, {"pk": 35, "model": "gateway.testresult", "fields": {"test": 2, "source": 13, "value": 33.0, "timestamp": "2015-04-05"}}, {"pk": 36, "model": "gateway.testresult", "fields": {"test": 2, "source": 14, "value": 20.0, "timestamp": "2015-04-05"}}, {"pk": 37, "model": "gateway.testresult", "fields": {"test": 2, "source": 15, "value": 83.0, "timestamp": "2015-04-05"}}, {"pk": 38, "model": "gateway.testresult", "fields": {"test": 2, "source": 16, "value": 65.0, "timestamp": "2015-04-05"}}, {"pk": 39, "model": "gateway.testresult", "fields": {"test": 2, "source": 17, "value": 2000.0, "timestamp": "2015-04-05"}}, {"pk": 40, "model": "gateway.testresult", "fields": {"test": 2, "source": 18, "value": 985.0, "timestamp": "2015-04-05"}}, {"pk": 41, "model": "gateway.testresult", "fields": {"test": 2, "source": 19, "value": 96.0, "timestamp": "2015-04-05"}}, {"pk": 42, "model": "gateway.testresult", "fields": {"test": 2, "source": 20, "value": 70.0, "timestamp": "2015-04-05"}}, {"pk": 43, "model": "gateway.testresult", "fields": {"test": 2, "source": 21, "value": 5.0, "timestamp": "2015-04-05"}}, {"pk": 44, "model": "gateway.testresult", "fields": {"test": 2, "source": 22, "value": 80.0, "timestamp": "2015-04-05"}}]